{"cameraMode":{"drawMode":0,"name":"Shaded","section":"Shading Mode"},"sceneLighting":false,"audioPlay":false,"sceneViewState":{"showFog":true,"showMaterialUpdate":false,"showSkybox":true,"showFlares":true,"showImageEffects":true,"showParticleSystems":true},"in2DMode":false,"pivot":{"x":57.260047912597659,"y":309.6332092285156,"z":-1.94659423828125},"rotation":{"x":-0.09704586863517761,"y":0.07813848555088043,"z":-0.007642810232937336,"w":-0.9921784996986389},"size":1304.9833984375,"orthographic":false}